{"cameraMode":{"drawMode":0,"name":"Shaded","section":"Shading Mode"},"sceneLighting":false,"audioPlay":false,"sceneViewState":{"showFog":true,"showMaterialUpdate":false,"showSkybox":false,"showFlares":true,"showImageEffects":true,"showParticleSystems":true},"in2DMode":false,"pivot":{"x":1.6031808853149415,"y":-1.6594269275665284,"z":2.5460205078125},"rotation":{"x":-0.3017832934856415,"y":-0.15441285073757173,"z":0.04960303381085396,"w":-0.9394921660423279},"size":4.350835800170898,"orthographic":false}